# THIRD-SOURCE COMPARISON (vs Google Maps) - NOT ground truth - 90th Street, New Cairo (Tagamoa)
# Google shows only what's open today: this measures coverage gap vs Google only.
# It cannot detect stale records or businesses missing from every source. Do not compute recall from this file.
# Buffer width: 150m either side of the chosen 500m window (highest Overture+FSQ POI density on the street)
# Window: (30.016347117237274, 31.41195941678527) -> (30.016459180562205, 31.406780081003795)  (street total length 24398m)
# Map: https://www.openstreetmap.org/export#map=16&bbox=31.40523%2C30.01499%2C31.41351%2C30.01781
# Nearby cross-streets/landmarks: El Orouba Axis (major intersection) and Side El Orouba Axis; Al Moshir Tantawy Bridge; Al Liwaa Zaki Baqe Youssef Tunnel; Ahmed Aboud Pasha St; Qassem Amin St; Mai Zeyada St
# Overture: 270 places  |  FSQ: 118 places
source,name,category,lat,lon,date_created,in_both_sources,exists_today,category_correct,notes
fsq,900 Degrees,Dining and Drinking > Restaurant > Italian Restaurant,30.017233121986145,31.41240119934082,2016-12-20,n,,,
fsq,ADIB Bank,Business and Professional Services > Financial Service > Banking and Finance > Bank,30.01705201992456,31.40785632815307,2016-01-24,y,,,
fsq,ALEF HQ,Business and Professional Services > Office,30.015067071417633,31.41111034014386,2012-10-24,n,,,
fsq,ATech,Business and Professional Services > Office > Tech Startup,30.015114773042672,31.410667679701472,2010-08-02,n,,,
fsq,Abaza auto trade,Business and Professional Services > Automotive Service > Automotive Repair Shop,30.017007319792032,31.411763364138725,2012-10-24,y,,,
fsq,Abo Khalil,"Dining and Drinking > Cafe, Coffee, and Tea House > Café",30.017237989787223,31.411724294430513,2015-05-15,n,,,
fsq,Abu Auf,Retail > Outdoor Supply Store,30.016564251921626,31.413216590881348,2011-12-12,n,,,
fsq,Alef Bookstore,Retail > Bookstore,30.017485,31.412071,2018-10-05,n,,,
fsq,American Mattresses,Retail > Furniture and Home Store > Mattress Store,30.016883562100528,31.412237807444058,2017-09-20,y,,,
fsq,Aroma Lounge,"Dining and Drinking > Cafe, Coffee, and Tea House > Café",30.017288150595967,31.41168323838224,2016-10-17,n,,,
fsq,Aziza,Dining and Drinking > Restaurant > Middle Eastern Restaurant,30.017313340522602,31.412321501389957,2013-04-20,n,,,
fsq,Bait Ward,Dining and Drinking > Restaurant > Middle Eastern Restaurant > Lebanese Restaurant,30.017178,31.411598,2024-09-13,n,,,
fsq,Baogr,Dining and Drinking > Restaurant > Asian Restaurant,30.017134,31.411953,2022-05-20,y,,,
fsq,Bazarna Pop Up Society,Retail > Boutique,30.017289,31.411684,2022-04-16,n,,,
fsq,Bosch,Retail > Computers and Electronics Retail > Electronics Store,30.017195,31.413055,2026-06-13,n,,,
fsq,Bread Basket,Dining and Drinking > Bakery,30.017438,31.412367,2015-05-11,y,,,
fsq,Buffalo Burger,Dining and Drinking > Restaurant > Burger Joint,30.017326020249424,31.41154289245605,2012-04-28,n,,,
fsq,Burberry,Retail > Fashion Retail > Women's Store,30.0166569,31.4122225,2012-07-10,y,,,
fsq,Burger Factory,Dining and Drinking > Restaurant > Burger Joint,30.01707914152516,31.41307670994023,2015-01-14,n,,,
fsq,Burger Joint,Dining and Drinking > Restaurant > Burger Joint,30.01724,31.411821,2017-02-01,n,,,
fsq,CAI14,Business and Professional Services > Office,30.016589,31.410186,2023-03-06,n,,,
fsq,Café Suprème,"Dining and Drinking > Cafe, Coffee, and Tea House > Café",30.017369,31.411623,2021-04-03,n,,,
fsq,Cairo Ad School,Community and Government > Education,30.015284,31.412123,2019-07-20,y,,,
fsq,Capgemini,Business and Professional Services > Office,30.017261,31.410285,2026-01-08,n,,,
fsq,Carrefour Gourmet,Retail > Food and Beverage Retail > Gourmet Store,30.017025011582444,31.4131242435946,2011-05-06,n,,,
fsq,ChemTech,Business and Professional Services > Office,30.016219628064242,31.411166407438717,2012-12-19,n,,,
fsq,Chemtech,Business and Professional Services > Office,30.016184930041153,31.411763465020577,2012-12-19,n,,,
fsq,Churrasco,Dining and Drinking > Restaurant > Latin American Restaurant > South American Restaurant > Brazilian Restaurant,30.017418,31.412706,2016-03-05,n,,,
fsq,Cilantro,"Dining and Drinking > Cafe, Coffee, and Tea House > Coffee Shop",30.017221906609194,31.412352030710753,2011-06-06,n,,,
fsq,Concrete,Retail > Fashion Retail > Men's Store,30.017162336973517,31.412528011491887,2011-08-26,y,,,
fsq,Contact Cars,Retail > Automotive Retail > Car Dealership,30.017282,31.412935,2021-01-03,n,,,
fsq,Cook Door,Dining and Drinking > Restaurant > Fast Food Restaurant,30.01729711918773,31.411478713105986,2013-11-29,y,,,
fsq,Crédit Agricole,Business and Professional Services > Financial Service > Banking and Finance > Bank,30.016894740545396,31.41300242519763,2012-07-23,y,,,
fsq,Dalydress,Retail > Fashion Retail > Clothing Store,30.016673938191467,31.413069401093814,2012-10-05,n,,,
fsq,Deloitte,Business and Professional Services > Office,30.016636,31.405835,2024-04-29,n,,,
fsq,Diva Dianah,Retail > Fashion Retail > Clothing Store,30.017212,31.413003,2023-04-11,n,,,
fsq,Downtown Mall,Retail > Shopping Mall,30.01719596265647,31.41240119934082,2010-11-07,y,,,
fsq,Downtown Parking,Travel and Transportation > Parking,30.017076915334954,31.41325358460878,2013-03-31,n,,,
fsq,Downtown Sq,Landmarks and Outdoors > Plaza,30.01626,31.411121,2019-02-26,n,,,
fsq,El Choueifat Monorail Station,Travel and Transportation > Transport Hub > Light Rail Station,30.015762,31.40822,2022-02-20,n,,,
fsq,El Ezaby Pharmacy,Retail > Cosmetics Store,30.0166539,31.4119248,2017-08-16,y,,,
fsq,El Set Hosniah | الست حسنية,Dining and Drinking > Restaurant > Middle Eastern Restaurant,30.01733048275428,31.411580491494185,2012-07-07,n,,,
fsq,Elle Salon,Business and Professional Services > Health and Beauty Service > Hair Salon,30.017355107515588,31.411696387488014,2012-09-20,n,,,
fsq,Escapers,Arts and Entertainment > Escape Room,30.017321270143213,31.412924286603175,2015-10-22,y,,,
fsq,Eye Fashion Optics,Retail > Eyecare Store,30.017231,31.412027,2022-05-06,y,,,
fsq,F.i.g Lounge,"Dining and Drinking > Cafe, Coffee, and Tea House > Café",30.017462,31.411602,2012-04-20,n,,,
fsq,Fair Play Playstation Lounge,Arts and Entertainment > Gaming Cafe,30.01750108257618,31.41126661972528,2012-10-30,n,,,
fsq,Flower Power,Retail > Flower Store,30.017624,31.412025,2018-10-11,n,,,
fsq,Frank Würst,Dining and Drinking > Restaurant > Hot Dog Joint,30.017153,31.41255,2021-12-15,n,,,
fsq,Glamour,Retail > Fashion Retail > Jewelry Store,30.01754,31.4123,2018-02-14,n,,,
fsq,Gold's Gym,Sports and Recreation > Gym and Studio > Gym,30.017086013494712,31.412963355906985,2011-12-05,n,,,
fsq,H&M,Retail > Fashion Retail > Clothing Store,30.01677802810389,31.41320523340255,2012-06-04,y,,,
fsq,Hedeya Jewel Store,Retail > Fashion Retail > Jewelry Store,30.016604,31.412627,2025-09-22,n,,,
fsq,House of Cocoa,Retail > Food and Beverage Retail > Chocolate Store,30.017214874923056,31.41214048759953,2015-04-06,n,,,
fsq,I Love F Cafe,"Dining and Drinking > Cafe, Coffee, and Tea House > Café",30.01736644567863,31.412511267443275,2013-08-07,n,,,
fsq,Il Caffè di Roma - Lavazza,"Dining and Drinking > Cafe, Coffee, and Tea House > Café",30.017107541058138,31.41297474376756,2011-05-20,n,,,
fsq,Intel Egypt,Business and Professional Services > Office,30.016628,31.40763899999999,2013-11-10,y,,,
fsq,Jiddi,Dining and Drinking > Restaurant > Middle Eastern Restaurant > Syrian Restaurant,30.01728159422423,31.411847084897705,2013-01-02,n,,,
fsq,Kahky Skin Care Center,Health and Medicine > Medical Center,30.017524,31.412504,2013-09-01,n,,,
fsq,Kimbiz's,Dining and Drinking > Restaurant > Latin American Restaurant > South American Restaurant > Peruvian Restaurant > Peruvian Roast Chicken Joint,30.017413,31.411528,2023-05-22,n,,,
fsq,Korkmaz,Retail > Furniture and Home Store > Kitchen Supply Store,30.017664,31.411998,2024-09-28,n,,,
fsq,Krispy Kreme,Dining and Drinking > Donut Shop,30.017475,31.412514,2021-09-22,n,,,
fsq,LAFarge,Landmarks and Outdoors > Structure,30.016963610697722,31.410133587987723,2011-10-19,n,,,
fsq,Lafarge Headoffice,Business and Professional Services > Office,30.017033503464983,31.41325358460878,2013-02-20,y,,,
fsq,MEGA paintball,Arts and Entertainment > Arcade,30.01708082167037,31.411696387488014,2012-01-06,n,,,
fsq,Magrabi Retail CSO,Business and Professional Services > Office > Coworking Space,30.017052597838113,31.408319597869955,2014-09-08,n,,,
fsq,Makani,Dining and Drinking > Restaurant > Asian Restaurant > Japanese Restaurant > Sushi Restaurant,30.017149739507754,31.411621054271574,2010-08-31,n,,,
fsq,Maxeem Lounge,Dining and Drinking > Restaurant > Middle Eastern Restaurant > Lebanese Restaurant,30.017121643955335,31.411650180816647,2019-01-07,y,,,
fsq,Melodies,Dining and Drinking > Restaurant > Italian Restaurant,30.017592,31.41169,2011-09-09,n,,,
fsq,Miniso,Retail > Miscellaneous Store,30.017227,31.412459,2018-04-28,n,,,
fsq,Mobaco Cottons,Retail > Fashion Retail > Clothing Store,30.017304,31.412181,2024-04-21,n,,,
fsq,Mojo,"Dining and Drinking > Cafe, Coffee, and Tea House > Café",30.0176,31.411989,2018-11-19,n,,,
fsq,Mondelez Egypt,Business and Professional Services > Business Center,30.016434,31.40788,2016-10-05,n,,,
fsq,Mori Sushi,Dining and Drinking > Restaurant > Asian Restaurant > Japanese Restaurant > Sushi Restaurant,30.01738441360747,31.41168405505498,2011-01-22,y,,,
fsq,Mothercare,Retail > Fashion Retail > Children's Clothing Store,30.016782,31.412473,2015-02-18,n,,,
fsq,Mozzarellina,Dining and Drinking > Restaurant > Italian Restaurant,30.01721436968745,31.41300242519763,2011-07-21,n,,,
fsq,Nefertari Body Care,Retail > Cosmetics Store,30.017274,31.411844,2017-02-06,y,,,
fsq,Nespresso Boutique,"Dining and Drinking > Cafe, Coffee, and Tea House > Coffee Shop",30.016787209111047,31.41231536865234,2011-11-04,y,,,
fsq,OG El Qawthar - Etisalat,Dining and Drinking > Restaurant > Mediterranean Restaurant,30.01674585047209,31.411897317324073,2013-04-03,n,,,
fsq,Oli's Donuts,Dining and Drinking > Donut Shop,30.016785,31.412134,2021-06-26,n,,,
fsq,Olives,Dining and Drinking > Restaurant > Mediterranean Restaurant,30.017697586165998,31.41172829140052,2011-01-22,n,,,
fsq,Omar Al Sabbagh Sweets,Dining and Drinking > Dessert Shop,30.017204,31.412838,2021-05-04,n,,,
fsq,Paul,Dining and Drinking > Restaurant > French Restaurant,30.01679557481816,31.412800344293007,2011-09-16,n,,,
fsq,Polo Ralph Lauren,Retail > Fashion Retail > Men's Store,30.01654567213323,31.41240119934082,2014-12-08,n,,,
fsq,Procter & Gamble PSC,Business and Professional Services > Office,30.016551709345674,31.406121910821167,2012-12-02,n,,,
fsq,QNB Al Ahli | بنك قطر الوطني الأهلي,Business and Professional Services > Financial Service > Banking and Finance > Bank,30.01701531747477,31.41153059941546,2011-09-11,n,,,
fsq,Reef,Dining and Drinking > Restaurant,30.01700210571289,31.412921905517578,2012-01-09,n,,,
fsq,Roma Pizza 2 Go,Dining and Drinking > Restaurant > Pizzeria,30.01738342226512,31.41176894552454,2012-04-09,n,,,
fsq,SAP Commercial Sales,Business and Professional Services > Office,30.017307,31.406543,2019-01-29,n,,,
fsq,Salem Textiles,Retail > Fashion Retail > Bridal Store,30.017015,31.4123,2016-07-15,n,,,
fsq,Saludable,Dining and Drinking > Restaurant > Salad Restaurant,30.01753566576615,31.4121038281816,2013-01-28,n,,,
fsq,Salvatore Ferragamo,Retail > Leather Goods Store,30.017007,31.411989,2014-05-03,n,,,
fsq,Seal,Business and Professional Services > Office,30.016918,31.40819,2018-09-03,n,,,
fsq,Sett El-Biet | ست البيت,Dining and Drinking > Restaurant > Mediterranean Restaurant,30.017485,31.412447,2014-08-09,n,,,
fsq,Seven Grains | سفين جرين,Dining and Drinking > Bakery,30.017323,31.411684,2012-10-01,n,,,
fsq,Skydiving,Sports and Recreation > Skydiving Center > Skydiving Drop Zone,30.016715,31.41239,2019-01-04,n,,,
fsq,Sugar Gift Shops,Retail > Arts and Crafts Store,30.01730447878171,31.41264444561864,2017-06-16,n,,,
fsq,Switch,Retail > Computers and Electronics Retail > Electronics Store,30.017313,31.411842,2020-07-10,n,,,
fsq,The 354 Pool Club,Arts and Entertainment > Pool Hall,30.01595,31.410162,2022-02-26,n,,,
fsq,The Body Shop,Retail > Cosmetics Store,30.0172737,31.4130352,2020-03-29,n,,,
fsq,The Body Shop,Retail > Cosmetics Store,30.0168986875178,31.412379741668705,2014-02-18,y,,,
fsq,The Boutique,Retail > Fashion Retail > Bridal Store,30.017177382986414,31.41291618347168,2012-08-05,n,,,
fsq,The Coffee Maker,"Dining and Drinking > Cafe, Coffee, and Tea House > Coffee Shop",30.017146,31.411571,2022-04-03,n,,,
fsq,Tolbino's,"Dining and Drinking > Cafe, Coffee, and Tea House > Café",30.017363,31.412516,2020-10-31,n,,,
fsq,Twist Gourmet Shawerma,Dining and Drinking > Restaurant > Middle Eastern Restaurant > Shawarma Restaurant,30.017554,31.412383,2023-01-04,n,,,
fsq,Uncle Sam’s,Dining and Drinking > Restaurant > American Restaurant,30.017649,31.412081,2018-04-13,n,,,
fsq,Vanilla Beans,Dining and Drinking > Bakery,30.01696371653054,31.412369012832645,2013-09-17,n,,,
fsq,Vinny's Pizzeria,Dining and Drinking > Restaurant > Pizzeria,30.016802,31.411823,2017-12-05,n,,,
fsq,Zo,Dining and Drinking > Restaurant > Asian Restaurant,30.017214537015104,31.411992200736726,2011-06-26,n,,,
fsq,abaza,Retail > Automotive Retail > Car Dealership,30.017218,31.41158,2014-10-31,n,,,
fsq,diverso,Arts and Entertainment > Art Gallery,30.0169,31.412852,2014-08-09,n,,,
fsq,dowon tawon,Event > Entertainment Event > Festival,30.017049,31.412959,2016-07-19,n,,,
fsq,lonino lamborghaini,"Dining and Drinking > Cafe, Coffee, and Tea House > Café",30.017604,31.412375,2015-01-19,n,,,
fsq,starbucks ( ستاربكس ),"Dining and Drinking > Cafe, Coffee, and Tea House > Coffee Shop",30.016556,31.412583,2021-12-21,n,,,
fsq,thebrgrtruck,Dining and Drinking > Restaurant > Burger Joint,30.017403,31.412007,2015-10-14,n,,,
fsq,زوبا,Dining and Drinking > Restaurant,30.016986,31.412722,2015-05-02,y,,,
fsq,ستاربكس,Dining and Drinking > Restaurant,30.017544,31.41259,2015-05-28,n,,,
fsq,سمارت شاتر لانظمة الامان,,30.017003,31.413084,2022-07-15,n,,,
overture,4event.party,event_planning,30.0157545,31.4055277,,n,,,
overture,900 Degrees,pizza_restaurant,30.01734349,31.41174244,,n,,,
overture,A97 Homes,real_estate,30.0157545,31.4055277,,n,,,
overture,ABO TALEB,construction_services,30.0157545,31.4055277,,n,,,
overture,AD Society,business_advertising,30.0157545,31.4055277,,n,,,
overture,ADIB Bank,bank_credit_union,30.017052019925,31.407856328153,,y,,,
overture,ALHabiba Auto - الحبيبة اوبل وشفروليه,automation_services,30.0157545,31.4055277,,n,,,
overture,AMT - Marketing Agency,business_advertising,30.0157545,31.4055277,,n,,,
overture,ARB Call Facilities Inc. - Egypt,financial_service,30.0157545,31.4055277,,n,,,
overture,ARO Real Estate,real_estate,30.0157545,31.4055277,,n,,,
overture,ARmonia New Capital كمبوند ارمونيا العاصمه الاداريه الجديده,real_estate,30.0157545,31.4055277,,n,,,
overture,Abaza Auto Trading,car_dealer,30.01695117,31.41176608,,y,,,
overture,Adel Michel - Real estate consultant,real_estate_agent,30.0157545,31.4055277,,n,,,
overture,Adler Sport,active_life,30.0157545,31.4055277,,n,,,
overture,Aeterna Cabinetry,,30.017535623925,31.41134794329,,n,,,
overture,Alfarrag Construction,construction_services,30.016141989296,31.411639128568,,n,,,
overture,Amal shawkat,,30.0157545,31.4055277,,n,,,
overture,Amazon Egypt,real_estate,30.017319400000005,31.410155099999994,,n,,,
overture,American Mattresses,mattress_store,30.016883562100528,31.412237807444058,,y,,,
overture,Amira Eldahshory designs,,30.017275185486,31.412506103516,,n,,,
overture,Aqar Mix  عقار ميكس,real_estate,30.0157545,31.4055277,,n,,,
overture,Aqua Baby Acadmey ,swimming_instructor,30.0157545,31.4055277,,n,,,
overture,Arcorp Holding,event_planning,30.0157545,31.4055277,,n,,,
overture,Aroma Lounge,lounge,30.017084484584,31.411714553833,,n,,,
overture,B smart,shopping,30.01733896718,31.411781,,n,,,
overture,BW Workshop,automotive_repair,30.0157545,31.4055277,,n,,,
overture,Baogr,asian_restaurant,30.017134,31.411953,,y,,,
overture,Bash7kim - باشحكيم,nurse_practitioner,30.0157545,31.4055277,,n,,,
overture,BeBeauty532,beauty_salon,30.0157545,31.4055277,,n,,,
overture,Belmach بلماش,agricultural_service,30.015286883362,31.411918401718,,n,,,
overture,Bercadia,real_estate,30.0157545,31.4055277,,n,,,
overture,Besher Alhalabi-بشر الحلبي,,30.0157545,31.4055277,,n,,,
overture,Bling BABE by lucyana g,beauty_and_spa,30.0157545,31.4055277,,n,,,
overture,Bonita_style_eg,fashion,30.0157545,31.4055277,,n,,,
overture,Boozer cruiser,automotive_dealer,30.0157545,31.4055277,,n,,,
overture,Brandhaus,advertising_agency,30.0157545,31.4055277,,n,,,
overture,Bread Basket,bakery,30.017438,31.412367,,y,,,
overture,Bronze Egypt,,30.0157545,31.4055277,,n,,,
overture,Buffalo Burger - Downtown Mall,breakfast_and_brunch_restaurant,30.0176192,31.4116542,,n,,,
overture,Burberry,mens_clothing_store,30.01653959,31.41218511,,y,,,
overture,Buzz sportswear ,,30.0157545,31.4055277,,n,,,
overture,CHAOS Products,beauty_and_spa,30.0157545,31.4055277,,n,,,
overture,CIB - ATM,atms,30.01696472137616,31.406131084284777,,n,,,
overture,Cairo Ad School,school,30.01520552,31.41213567,,y,,,
overture,Cairofamilydentist - Dr. Aya Elbeblawy,dentist,30.01601,31.40563,,n,,,
overture,CartMania,shopping_center,30.0157545,31.4055277,,n,,,
overture,Castle Real Estate كاسل العقارية,real_estate,30.01607709950602,31.40993109425624,,n,,,
overture,Cava home designs,furniture_store,30.0157545,31.4055277,,n,,,
overture,Charlie Dog Food,pet_services,30.0157545,31.4055277,,n,,,
overture,Cherif Antoun Jewelry,,30.0157545,31.4055277,,n,,,
overture,China State Construction Engineering Corp. Ltd.,construction_services,30.01743089,31.41195945,,n,,,
overture,Cilantro Downtown,,30.0171907,31.4122956,,n,,,
overture,Cityscape Egypt- سيتي سكيب مصر,real_estate,30.0157545,31.4055277,,n,,,
overture,Clipster,,30.0157545,31.4055277,,n,,,
overture,Coach.Mohamed Hammad,swimming_instructor,30.0157545,31.4055277,,n,,,
overture,ColdStone,ice_cream_shop,30.01742137,31.41171753,,n,,,
overture,Community Zone Egypt,professional_services,30.0169491,31.4080677,,n,,,
overture,Compound Palm Hills Katameya - Resale - كمبوند بالم هيلز القطامية,real_estate_agent,30.0157545,31.4055277,,n,,,
overture,Concrete,mens_clothing_store,30.017162336973517,31.412528011491887,,y,,,
overture,Conquer Properties - Views,real_estate,30.0157545,31.4055277,,n,,,
overture,Cook Door,fast_food_restaurant,30.01729711918773,31.411478713105986,,y,,,
overture,Cortigiano Downtown,restaurant,30.01743559,31.41160484,,n,,,
overture,Cortina Curtains and Blinds Art,linen,30.017247056731,31.413044929504,,n,,,
overture,Couchette interiors,furniture_store,30.0157545,31.4055277,,n,,,
overture,Crystolight,lighting_store,30.01672224,31.4127181,,n,,,
overture,Crédit Agricole,banks,30.016894740545396,31.41300242519763,,y,,,
overture,Curve,clothing_company,30.016778778486803,31.412772368811737,,n,,,
overture,Custo Barcelona Egypt,womens_clothing_store,30.017523477949,31.406993314171,,n,,,
overture,Dahua Technology Egypt,event_planning,30.01768116,31.41178582,,n,,,
overture,Dawi Clinics - عيادات داوي,hospital,30.0157545,31.4055277,,n,,,
overture,Daze Store,fashion_accessories_store,30.0157545,31.4055277,,n,,,
overture,Decence,womens_clothing_store,30.016778778486803,31.412772368811737,,n,,,
overture,Decoupage HuB,arts_and_crafts,30.0157545,31.4055277,,n,,,
overture,Deloitte Innovation Hub,information_technology_company,30.016752662392,31.406201273203,,n,,,
overture,Dose investment,real_estate,30.0157545,31.4055277,,n,,,
overture,"Down Town Cairo,Egypt",shopping_center,30.017553428214,31.41216388977,,n,,,
overture,Downtown Katameya,shopping_center,30.01758806466305,31.412360949929127,,n,,,
overture,Downtown Mall,shopping_center,30.01719596265647,31.41240119934082,,y,,,
overture,Dr Noha Shukry,doctor,30.0157545,31.4055277,,n,,,
overture,Dr.Nour - Whity Dental Clinic,educational_camp,30.0157545,31.4055277,,n,,,
overture,ELDIDI Group,industrial_equipment,30.017010165799,31.411811113358,,n,,,
overture,East Asia,computer_store,30.0157545,31.4055277,,n,,,
overture,Ecoway Home Store - ايكو واي ستور ,home_improvement_store,30.01601,31.40563,,n,,,
overture,Edu-Zone STEAM Education Center,education,30.01745179,31.41159286,,n,,,
overture,El Ezaby Pharmacy,pharmacy,30.0166539,31.4119248,,y,,,
overture,El Sit Hosneya,restaurant,30.01685269,31.41208053,,n,,,
overture,Equicare Equestrian Projects,equestrian_facility,30.01602,31.40564,,n,,,
overture,Escapers,escape_rooms,30.017321270143213,31.412924286603175,,y,,,
overture,Etisalat Downtown Katameya,telecommunications_company,30.01736367,31.41295501,,n,,,
overture,Evento Designs,interior_design,30.01601,31.40563,,n,,,
overture,Eye Fashion Optics,eyewear_and_optician,30.017231,31.412027,,y,,,
overture,Faces Beauty,cosmetic_and_beauty_supplies,30.0157545,31.4055277,,n,,,
overture,Fasalha,furniture_store,30.0157545,31.4055277,,n,,,
overture,Fashion House ,,30.0157545,31.4055277,,n,,,
overture,FebalCasa Egypt,shopping,30.0157545,31.4055277,,n,,,
overture,First step group,real_estate_agent,30.0157545,31.4055277,,n,,,
overture,Full House Playstation,video_game_store,30.01601,31.40563,,n,,,
overture,Funkify,used_vintage_and_consignment,30.0157545,31.4055277,,n,,,
overture,Future Properties Real Estate,real_estate,30.0157545,31.4055277,,n,,,
overture,GEC innovations,architectural_designer,30.0157545,31.4055277,,n,,,
overture,Gallery AlKasr,shopping,30.016750049614,31.406993865967,,n,,,
overture,Glamour Jewellery,jewelry_store,30.01728999,31.41173341,,n,,,
overture,Global Link Cargo,freight_and_cargo_service,30.0157545,31.4055277,,n,,,
overture,Golden Man House Outlet,,30.0157545,31.4055277,,n,,,
overture,Goodbye Health care Products,health_and_medical,30.0157545,31.4055277,,n,,,
overture,Grasses Landscape,,30.0157545,31.4055277,,n,,,
overture,Grazel,chocolatier,30.0157545,31.4055277,,n,,,
overture,Green Apple Clinics,health_and_medical,30.01756,31.41242,,n,,,
overture,Green decor_landscape,outdoor_gear,30.0157545,31.4055277,,n,,,
overture,Growtwopro,professional_services,30.0157545,31.4055277,,n,,,
overture,Gud الجمهورية للتنمية العمرانية,home_developer,30.01566,31.41102,,n,,,
overture,H BEAUTY,cosmetic_and_beauty_supplies,30.0157545,31.4055277,,n,,,
overture,H&M,clothing_store,30.0167780281039,31.4132052334026,,y,,,
overture,Home Store,,30.016778778486803,31.412772368811737,,n,,,
overture,Hoopoe Digital LLC,software_development,30.01542676,31.41203877,,n,,,
overture,House of Cocoa,chocolatier,30.01711723,31.41164929,,n,,,
overture,I Apple Fix,real_estate,30.01601,31.40563,,n,,,
overture,IL Monte Galala Ain Sokhna,real_estate_agent,30.0157545,31.4055277,,n,,,
overture,INCA and Co.,furniture_store,30.01739721,31.41196426,,n,,,
overture,IQOS Store,tobacco_shop,30.0171633,31.4127822,,n,,,
overture,Iguana Store,fashion,30.016778778486803,31.412772368811737,,n,,,
overture,Iman Saab,,30.0157545,31.4055277,,n,,,
overture,Intel Egypt,corporate_office,30.016628,31.40763899999999,,y,,,
overture,Inter Clean,industrial_equipment,30.015932537163,31.406736373901,,n,,,
overture,Invishield ,home_improvement_store,30.0157545,31.4055277,,n,,,
overture,KDC Kitchensdotcreative,furniture_store,30.017277366669,31.412469467299,,n,,,
overture,KUDU HOUSE,,30.01601,31.40563,,n,,,
overture,Kaden Real Estate,real_estate,30.0157545,31.4055277,,n,,,
overture,Katso.eg,,30.0157545,31.4055277,,n,,,
overture,Khaled El-Saharty - خالد السحرتي,,30.0157545,31.4055277,,n,,,
overture,Khhgfds khggdss,doctor,30.016601411488,31.405491828918,,n,,,
overture,Kilim.Land,shopping,30.0157545,31.4055277,,n,,,
overture,Kings Card,health_and_medical,30.015895377346,31.412543992255,,n,,,
overture,Kitchino,furniture_store,30.01729861,31.41170984,,n,,,
overture,Knowhere,,30.0157545,31.4055277,,n,,,
overture,Krispy Kreme,donuts,30.0173788,31.41204519999999,,n,,,
overture,La Joie Decor,contractor,30.017412725028,31.412780410331,,n,,,
overture,Lafarge Headoffice,,30.017033503465,31.413253584609,,y,,,
overture,LandMark Investment Group,real_estate_investment,30.0157545,31.4055277,,n,,,
overture,Lavander,laundromat,30.0157545,31.4055277,,n,,,
overture,Layan residence sabbour RCestate.com - لايان,real_estate,30.0157545,31.4055277,,n,,,
overture,Leo Dent,dentist,30.0157545,31.4055277,,n,,,
overture,Leñador,,30.0157545,31.4055277,,n,,,
overture,Liberty Developments,home_developer,30.01762069,31.41207849,,n,,,
overture,Los Santos Customs Egypt,auto_customization,30.0157545,31.4055277,,n,,,
overture,Luxury Lane Properties,real_estate,30.0157545,31.4055277,,n,,,
overture,MAGRABi,eyewear_and_optician,30.01688885,31.41262872,,n,,,
overture,MASA Investment,real_estate_agent,30.0157545,31.4055277,,n,,,
overture,Mahmoud Nour - IGCSE Physics Team,education,30.0157545,31.4055277,,n,,,
overture,Makeup by Nervana Konbar,makeup_artist,30.0157545,31.4055277,,n,,,
overture,Martina Beauty House,beauty_and_spa,30.0157545,31.4055277,,n,,,
overture,Match Point Tennis Academy,sports_club_and_league,30.0157545,31.4055277,,n,,,
overture,Mave Home,,30.0157545,31.4055277,,n,,,
overture,Maxeem Lounge,lebanese_restaurant,30.017121643955335,31.411650180816647,,y,,,
overture,Maydan Architect,interior_design,30.0157545,31.4055277,,n,,,
overture,Mehrez and Krema,furniture_store,30.01722175,31.41313345,,n,,,
overture,Meras,,30.0157545,31.4055277,,n,,,
overture,MetaGoo Marketing Agency,business_advertising,30.0157545,31.4055277,,n,,,
overture,Millionaire Luxury Houses,real_estate,30.0157545,31.4055277,,n,,,
overture,Miraza.EG,,30.0157545,31.4055277,,n,,,
overture,Miss So,,30.0157545,31.4055277,,n,,,
overture,Mohab Tarek,life_coach,30.0157545,31.4055277,,n,,,
overture,Mohammed salem’s consultancy realestate&investment Group,real_estate,30.0157545,31.4055277,,n,,,
overture,Mokimah,womens_clothing_store,30.0157545,31.4055277,,n,,,
overture,Mondelez Egypt,event_planning,30.016844127276986,31.408269830103634,,n,,,
overture,Moon Valley New Cairo,home_developer,30.0157545,31.4055277,,n,,,
overture,Mori Sushi,sushi_restaurant,30.01738441360747,31.41168405505498,,y,,,
overture,Motion iso,fashion_accessories_store,30.0157545,31.4055277,,n,,,
overture,Mozaico,arts_and_crafts,30.0157545,31.4055277,,n,,,
overture,Mr.Social.M,internet_marketing_service,30.0157545,31.4055277,,n,,,
overture,Ms. Hoor,dry_cleaning,30.0157545,31.4055277,,n,,,
overture,NAIA,hotel,30.01710382,31.40949606,,n,,,
overture,NK Rock Real Estate,real_estate,30.0157545,31.4055277,,n,,,
overture,Nefertari Body Care,cosmetic_and_beauty_supplies,30.017274,31.411844,,y,,,
overture,Nespresso Boutique,coffee_shop,30.016787209111047,31.41231536865234,,y,,,
overture,New Alamein City - مدينة العلمين الجديدة,real_estate,30.0157545,31.4055277,,n,,,
overture,New Cairo Best Deals,real_estate,30.0157545,31.4055277,,n,,,
overture,New Cairo Projects,real_estate,30.01601,31.40563,,n,,,
overture,New House Consultant,professional_services,30.0157545,31.4055277,,n,,,
overture,New Property,real_estate,30.0157545,31.4055277,,n,,,
overture,Nile Business City - نايل بيزنس سيتي,event_planning,30.016612191712003,31.407125294237996,,n,,,
overture,Noha.Ali.Designs,interior_design,30.0157545,31.4055277,,n,,,
overture,Nony Designs,womens_clothing_store,30.0157545,31.4055277,,n,,,
overture,Nour ElDin ElSherif,car_wash,30.0157545,31.4055277,,n,,,
overture,Nour Macramé,,30.0157545,31.4055277,,n,,,
overture,OLAK.Boutique,flowers_and_gifts_shop,30.0157545,31.4055277,,n,,,
overture,Ocho Design Studio,,30.0157545,31.4055277,,n,,,
overture,Okland,wholesale_store,30.016778778486803,31.412772368811737,,n,,,
overture,One Percent Academy,,30.0157545,31.4055277,,n,,,
overture,Organon Egypt,event_planning,30.01699476,31.40816678,,n,,,
overture,Orian Properties,real_estate,30.01609809,31.41051841,,n,,,
overture,P&G Mea Psc,event_planning,30.016978663419522,31.40601742126144,,n,,,
overture,PCM Agency,marketing_agency,30.0157545,31.4055277,,n,,,
overture,Pampering_yourself_on,womens_clothing_store,30.01602,31.40564,,n,,,
overture,Pearl Estates,real_estate_service,30.0157545,31.4055277,,n,,,
overture,Peking,chinese_restaurant,30.01759987,31.41187016,,n,,,
overture,Persona Hair Extension Cairo,,30.0157545,31.4055277,,n,,,
overture,Platinum Land ,property_management,30.0157545,31.4055277,,n,,,
overture,Playtopia,home_service,30.0157545,31.4055277,,n,,,
overture,Pop up shop,shopping,30.01717041,31.41309745,,n,,,
overture,Prime Consultancy ,real_estate,30.0157545,31.4055277,,n,,,
overture,Procter & Gamble,business,30.01702932,31.40609984,,n,,,
overture,Profilerz,architectural_designer,30.0157545,31.4055277,,n,,,
overture,Property Dealers .,real_estate,30.0157545,31.4055277,,n,,,
overture,QNB Alahli,bank_credit_union,30.01666439,31.41172599,,n,,,
overture,Qarar Designs ,construction_services,30.0157545,31.4055277,,n,,,
overture,Quick Cash Finance,installment_loans,30.0157545,31.4055277,,n,,,
overture,RHM Aesthetic Clinic,beauty_and_spa,30.0157545,31.4055277,,n,,,
overture,Ralph Lauren,mens_clothing_store,30.01719863,31.4123365,,n,,,
overture,Rasha studio,pool_cleaning,30.0157545,31.4055277,,n,,,
overture,Raxeira Natural,cosmetic_and_beauty_supplies,30.0157545,31.4055277,,n,,,
overture,Rokn - رُكن,,30.0157545,31.4055277,,n,,,
overture,Rushè,cosmetic_and_beauty_supplies,30.01601,31.40563,,n,,,
overture,SASA,fabric_store,30.017086,31.41236326,,n,,,
overture,SRM Real Estate,real_estate_agent,30.0157545,31.4055277,,n,,,
overture,Sahar Samy Management Services,business_management_services,30.0157545,31.4055277,,n,,,
overture,Salvatore Ferragamo,shoe_store,30.01678902,31.41176963,,n,,,
overture,Samir Law Firm,ip_and_internet_law,30.0157545,31.4055277,,n,,,
overture,Samrah.boutiq,,30.0157545,31.4055277,,n,,,
overture,Shiam Studio شِيَم استوديو,broadcasting_media_production,30.0157545,31.4055277,,n,,,
overture,ShopExit,,30.0157545,31.4055277,,n,,,
overture,Sinai Cement Co. - Vicat Group,industrial_company,30.016659964461,31.408224,,n,,,
overture,Sixt Rent a Car | Cairo-New Cairo/Downtown Mall,travel,30.0165996,31.4124911,,n,,,
overture,Sizzler Steak House,steakhouse,30.0157545,31.4055277,,n,,,
overture,SlimSide جراحات السمنة المفرطة وتركيب بالون المعدة ,,30.0157545,31.4055277,,n,,,
overture,Smart Location Group,real_estate,30.0157545,31.4055277,,n,,,
overture,Spark - Creativity & Innovation House,graphic_designer,30.0157545,31.4055277,,n,,,
overture,Sprint Prints Co.,printing_services,30.0157545,31.4055277,,n,,,
overture,Starbucks,internet_cafe,30.0174996,31.4124973,,n,,,
overture,Stryve,financial_service,30.0157545,31.4055277,,n,,,
overture,Sugar Gift Shops,gift_shop,30.0173045,31.4120865,,n,,,
overture,TRAIN - Egypt,education,30.015611418124,31.407643575667,,n,,,
overture,TRI.Home,interior_design,30.0157545,31.4055277,,n,,,
overture,Texmar Fabrics,fabric_store,30.0174936,31.41177503,,n,,,
overture,The Body Shop,cosmetic_and_beauty_supplies,30.0168986875178,31.412379741668705,,y,,,
overture,The Forty Seven Office Building new Cairo,real_estate,30.017381000000004,31.411630999999996,,n,,,
overture,The Wood Street,commercial_industrial,30.0157545,31.4055277,,n,,,
overture,TiramisU Dose,fashion_accessories_store,30.0157545,31.4055277,,n,,,
overture,Twenty Real Estate new cairo,carpet_store,30.0157545,31.4055277,,n,,,
overture,Uniqkid.eg,childrens_clothing_store,30.0157545,31.4055277,,n,,,
overture,Units A.M.R,real_estate,30.0157545,31.4055277,,n,,,
overture,Valentino’s Bridal,bridal_shop,30.015738978892408,31.411541839756023,,n,,,
overture,Veranoboutique7,,30.0157545,31.4055277,,n,,,
overture,Virea Store,,30.016778778486803,31.412772368811737,,n,,,
overture,VistaNile,real_estate_investment,30.01601,31.40563,,n,,,
overture,WHY Solutions,investing,30.0157545,31.4055277,,n,,,
overture,Xperts Solutions,professional_services,30.0157545,31.4055277,,n,,,
overture,Zed East New Cairo Ora Developments - زيد ايست القاهرة الجديدة,home_developer,30.0157545,31.4055277,,n,,,
overture,medceuticals.eg,beauty_and_spa,30.0157545,31.4055277,,n,,,
overture,natOnat,luggage_store,30.0157545,31.4055277,,n,,,
overture,pulse by solutions,information_technology_company,30.0157545,31.4055277,,n,,,
overture,أوبل جراج - Opel garage,automotive_repair,30.0157545,31.4055277,,n,,,
overture,بافلو برجر,pizza_restaurant,30.0169292,31.41259962,,n,,,
overture,بريوش دوريه,restaurant,30.01704994,31.41269578,,n,,,
overture,توثيق مصر- Tawthiq Masr,legal_services,30.0157545,31.4055277,,n,,,
overture,حلويات عمر الصباغ في مصر,desserts,30.017195962656,31.412208080292,,n,,,
overture,زوبا,restaurant,30.016986,31.412722,,y,,,
overture,شركات نقل العفش في التجمع الاول 01152066621,freight_and_cargo_service,30.015589960178,31.407322,,n,,,
overture,شقتك بسعر التكلفة - مجموعة ميثاق العقارية,construction_services,30.0157545,31.4055277,,n,,,
overture,فساتين زفاف محمد ابو سمرا,womens_clothing_store,30.0157545,31.4055277,,n,,,
overture,فيلات وشقق التجمع الخامس ,retail,30.0157545,31.4055277,,n,,,
overture,كمبوند كريستا بيلا التجمع الخامس Cresta Bella New Cairo,real_estate,30.0157545,31.4055277,,n,,,
overture,ماونتن فيو mountain view,real_estate,30.0157545,31.4055277,,n,,,
overture,مصنع Fashion Store,clothing_store,30.0157545,31.4055277,,n,,,
overture,نجيل صناعي,,30.0157545,31.4055277,,n,,,
overture,وطن للأعمال,professional_services,30.0157545,31.4055277,,n,,,
overture,ِِAns supplement كابتن / أنس,,30.0157545,31.4055277,,n,,,
overture,‎Sayed Rabie - المزين,beauty_salon,30.01756,31.41242,,n,,,
overture,• Lake View Residence & Villette Specialist,real_estate,30.0157545,31.4055277,,n,,,
overture,𝐌𝐑 𝐏𝐨𝐥𝐲 𝐂𝐥𝐢𝐧𝐢𝐜,doctor,30.0157545,31.4055277,,n,,,
