release,Sheikh Zayed,Maadi,Imbaba
2024-02-15-alpha-0,273,605,177
2024-03-12-alpha-0,272,589,178
2024-08-20-0,274,583,173
2024-09-18-0,289,719,329
2024-10-23-0,289,719,329
2024-11-13-0,289,719,329
2024-12-18-0,289,719,329
2025-01-22-0,289,719,329
2025-03-19-1,368,894,285
2025-04-23-0,366,892,286
2025-05-21-0,363,868,273
2025-06-25-0,375,870,272
2025-09-24-0,481,972,281
2025-10-22-0,480,950,273
2025-11-19-0,480,935,266
2025-12-17-0,483,931,273
2026-01-21-0,483,932,273
2026-02-18-0,480,932,273
2026-03-18-0,484,922,277
2026-04-15-0,479,955,271
2026-05-20-0,486,965,273
2026-07-22.0,491,991,316
2026-08-19.0,482,947,285
