pair_id,verdict,notes,governorate,pair_type,source_a,name_a,category_a,source_b,name_b,category_b,distance_m,name_sim,dband,lat_a,lon_a,lat_b,lon_b
1,,,Alexandria,cross_source,overture,Fit & Fix Bridgestone,automotive_repair,fsq,Fit & Fix Bridgestone,Business and Professional Services > Automotive Service > Automotive Repair Shop,0.0,1.0,0m,31.22920640271039,29.954438209533688,31.22920640271039,29.954438209533688
2,,,Cairo,cross_source,overture,Camion Egypt,freight_and_cargo_service,fsq,Camion Egypt,"Business and Professional Services > Shipping, Freight, and Material Transportation Service",6.5,1.0,0-10m,30.06728339,31.34923421,30.067338161210227,31.349211037158966
3,,,Cairo,cross_source,overture,"The Nile Ritz-Carlton, Cairo",hotel,fsq,"The Nile Ritz-Carlton, Cairo",Travel and Transportation > Lodging > Resort,19.0,1.0,10-25m,30.045796,31.232163,30.0459653012245,31.232135764875625
4,,,Cairo,cross_source,overture,Dental Boss,dentist,fsq,Dental Boss,Health and Medicine > Dentist,45.1,1.0,25-50m,30.06067406,31.35806886,30.060712,31.357604
5,,,Cairo,cross_source,overture,Gravity Code,active_life,fsq,Gravity Code,Sports and Recreation > Indoor Play Area,0.0,1.0,0m,30.025795766562,31.496162173243,30.02579576656156,31.496162173242844
6,,,Alexandria,cross_source,overture,Motul Oil Alexandria,shopping,fsq,Motul Oil Alexandria,Retail > Automotive Retail > Car Dealership,2.0,1.0,0-10m,31.22949794,29.95493001,31.229481629168674,29.954939782619473
7,,,Alexandria,cross_source,overture,Riviera Cafe,,fsq,Riviera Cafe,"Dining and Drinking > Cafe, Coffee, and Tea House > Café",20.8,1.0,10-25m,31.2133308,29.9187387,31.213429879506958,29.918556339419176
8,,,Cairo,cross_source,overture,Prince Said Halim Pacha Palace   قصر الأمير سعيد حليم باشا,palace,fsq,Prince Said Halim Pacha Palace | قصر الأمير سعيد حليم باشا,Landmarks and Outdoors > Historic and Protected Site,49.2,1.0,25-50m,30.048716415123643,31.237656679394817,30.04900853939959,31.237274408340454
9,,,Cairo,cross_source,overture,NOLA Cupcakes,cupcake_shop,fsq,NOLA Cupcakes,Dining and Drinking > Dessert Shop > Cupcake Shop,0.0,1.0,0m,29.982222863754302,31.31631374359131,29.982222863754302,31.31631374359131
10,,,Cairo,cross_source,overture,Starbucks,internet_cafe,fsq,Starbucks,"Dining and Drinking > Cafe, Coffee, and Tea House > Coffee Shop",1.9,1.0,0-10m,30.0541801,31.4913242,30.054197,31.49132
11,,,Giza,cross_source,overture,Brunch Restaurant & Café,,fsq,Brunch Restaurant & Cafe,"Dining and Drinking > Cafe, Coffee, and Tea House > Café",14.7,1.0,10-25m,29.971670862711157,30.961187282278757,29.97159,30.961308
12,,,Giza,cross_source,overture,GLC Paints Showroom - Moaaz Ebn Gabal,paint_store,fsq,GLC Paints Showroom - Moaaz Ebn Gabal,Retail > Hardware Store,38.2,1.0,25-50m,29.97803167141053,31.201682647815723,29.9779291,31.2020594
13,,,Cairo,cross_source,overture,Cinnabon,desserts,fsq,Cinnabon,Dining and Drinking > Dessert Shop,0.0,1.0,0m,30.060245418436836,31.3303415086732,30.060245418436836,31.3303415086732
14,,,Cairo,cross_source,overture,Roufy's,american_restaurant,fsq,Roufy's,Dining and Drinking > Restaurant > American Restaurant,8.6,1.0,0-10m,29.9618551,31.27693392,29.96178,31.276955
15,,,Cairo,cross_source,overture,Kazdora Shawarma and Potato,middle_eastern_restaurant,fsq,KAZDORA Shawarma and Potato,Dining and Drinking > Restaurant > Turkish Restaurant,21.9,1.0,10-25m,30.04363883,31.49626501,30.043599,31.496487
16,,,Qalyubiya,cross_source,overture,Arabiata,middle_eastern_restaurant,fsq,Arabiata,Dining and Drinking > Restaurant > Falafel Restaurant,25.9,1.0,25-50m,30.17250085,31.47633918,30.172281323581934,31.476249879838253
17,,,Cairo,cross_source,overture,HSBC,banks,fsq,HSBC,Business and Professional Services > Financial Service > Banking and Finance > Bank,0.0,1.0,0m,30.072360313488733,31.227739555820104,30.072360313488733,31.227739555820104
18,,,Cairo,cross_source,overture,MokoNuts,bakery,fsq,MokoNuts,Dining and Drinking > Dessert Shop,6.0,1.0,0-10m,30.08467982,31.32790301,30.084726,31.32787
19,,,Cairo,cross_source,overture,ALDesign studio,architectural_designer,fsq,ALDesign studio,Business and Professional Services > Design Studio,17.5,1.0,10-25m,29.96567273,31.32748041,29.96582846743285,31.327503919601437
20,,,Cairo,cross_source,overture,منطقة مصر الجديدة الطبية,hospital,fsq,منطقة مصر الجديدة الطبية,Health and Medicine > Medical Center,37.1,1.0,25-50m,30.088373733392242,31.309516133342324,30.088077,31.309692
21,,,Cairo,cross_source,overture,The Nest Concept Store,gift_shop,fsq,The Nest Concept Store,Retail > Gift Store,0.0,1.0,0m,30.05763,31.222928,30.05763,31.222928
22,,,Cairo,cross_source,overture,Oblivious,restaurant,fsq,Oblivious,Dining and Drinking > Restaurant > Mediterranean Restaurant,4.8,1.0,0-10m,30.02921014,31.48149905,30.029217,31.48145
23,,,Cairo,cross_source,overture,Fifth Street Coffee,coffee_shop,fsq,Fifth Street Coffee,"Dining and Drinking > Cafe, Coffee, and Tea House > Coffee Shop",17.4,1.0,10-25m,30.0816646,31.363837,30.081743,31.363993
24,,,Cairo,cross_source,overture,Denta-line Dental Clinic,health_and_medical,fsq,Denta-Line Dental Clinic,Health and Medicine > Dentist,37.1,1.0,25-50m,30.058592107623,31.491510272026,30.058777,31.49183
25,,,Cairo,cross_source,overture,Mothercare,baby_gear_and_furniture,fsq,Mothercare,Retail > Baby Store,0.0,1.0,0m,30.026778,31.408222,30.026778,31.408222
26,,,Qalyubiya,cross_source,overture,مركز شرطة طوخ,police_department,fsq,مركز شرطة طوخ,Community and Government > Government Building > Law Enforcement and Public Safety > Police Station,3.3,1.0,0-10m,30.35408,31.1971454,30.354108765757882,31.197151792441833
27,,,Giza,cross_source,overture,Nutri - Hub,coffee_shop,fsq,Nutri-Hub,Dining and Drinking > Restaurant > Sri Lankan Restaurant,21.1,1.0,10-25m,29.987567719199,30.992387211867,29.987439,30.992548
28,,,Alexandria,cross_source,overture,Sweet Cakes,restaurant,fsq,Sweet Cakes,"Dining and Drinking > Cafe, Coffee, and Tea House > Café",29.6,1.0,25-50m,31.19612945,29.90038461,31.196392,29.900339
29,,,Giza,cross_source,overture,Layaly El Khedewy Ramadan Tent,buffet_restaurant,fsq,Layaly El Khedewy Ramadan Tent,Dining and Drinking > Restaurant > Buffet,0.0,1.0,0m,30.03909,31.219982,30.03909,31.219982
30,,,Alexandria,cross_source,overture,مستشفى النزهة التخصصى,hospital,fsq,مستشفى النزهة التخصصى,Health and Medicine > Medical Center,1.0,1.0,0-10m,31.19488117,29.93362962,31.194888,29.933623
31,,,Cairo,cross_source,overture,The BookSpot,bookstore,fsq,The Bookspot,Retail > Bookstore,17.8,1.0,10-25m,29.95683673,31.26064988,29.956942613992435,31.26078855725138
32,,,Cairo,cross_source,overture,Ahli United Bank,bank_credit_union,fsq,Ahli United Bank,Business and Professional Services > Financial Service > Banking and Finance > Bank,43.5,1.0,25-50m,30.01678546,31.42723825,30.01663857104048,31.42682075500488
33,,,Giza,cross_source,overture,سرايات للاثاث,furniture_store,fsq,سرايات للاثاث,Retail > Furniture and Home Store,0.0,1.0,0m,30.0621,31.1914,30.0621,31.1914
34,,,Qalyubiya,cross_source,overture,Vodafone,telecommunications_company,fsq,Vodafone,Retail > Computers and Electronics Retail > Mobile Phone Store,3.2,1.0,0-10m,30.17997968,31.34945269,30.180004,31.349471
35,,,Cairo,cross_source,overture,مدرسة عبد العزيز آل سعود,elementary_school,fsq,مدرسة عبد العزيز آل سعود,Community and Government > Education > Primary and Secondary School > Elementary School,18.1,1.0,10-25m,30.105065,31.332374,30.10519790649414,31.332481384277344
36,,,Giza,cross_source,overture,Change Clinic,nutritionist,fsq,Change Clinic,Health and Medicine > Physician > Doctor's Office,42.0,1.0,25-50m,30.05683349,31.2071496,30.05703270171343,31.207518189243228
37,,,Giza,cross_source,overture,الخياط بلاست,plastic_company,fsq,الخياط بلاست,Business and Professional Services > Plastics Supplier,0.0,1.0,0m,29.915364,30.905438,29.915364,30.905438
38,,,Cairo,cross_source,overture,ONYX LOUNGE,lounge,fsq,Onyx Lounge,Dining and Drinking > Breakfast Spot,9.0,1.0,0-10m,30.072006,31.227615,30.07194667191831,31.227551462940955
39,,,Giza,cross_source,overture,Al Kahila Art Gallery,art_gallery,fsq,Al Kahila Art Gallery,Arts and Entertainment > Art Gallery,18.4,1.0,10-25m,30.05221893,31.20817516,30.052296030682438,31.208006143569946
40,,,Alexandria,cross_source,overture,Muscle Factory Gym,gym,fsq,Muscle Factory Gym,Sports and Recreation > Gym and Studio > Gym,37.3,1.0,25-50m,31.226045828094,29.957565665245,31.225758,29.957764
41,,,Cairo,cross_source,overture,ساب - برنامج دعم اتفاقية المشاركة المصرية الاوروبية,public_service_and_government,fsq,ساب - برنامج دعم اتفاقية المشاركة المصرية الاوروبية,Community and Government,0.0,1.0,0m,30.041974,31.234346,30.041974,31.234346
42,,,Giza,cross_source,overture,Butcher's Burger,burger_restaurant,fsq,Butcher's Burger,Dining and Drinking > Restaurant > Burger Joint,7.8,1.0,0-10m,30.0734009,30.9461249,30.073430001906956,30.946198532928857
43,,,Alexandria,cross_source,overture,Salon Mahmoud Elkassar,barber,fsq,Salon Mahmoud Elkassar,Business and Professional Services > Health and Beauty Service > Hair Salon,11.7,1.0,10-25m,31.23517182,29.95457704,31.235213886408502,29.954687905550742
44,,,Giza,cross_source,overture,Cyclone club,dance_club,fsq,Cyclone Club,Arts and Entertainment > Night Club,38.9,1.0,25-50m,30.061540354098,31.207442879677,30.061424568398188,31.20706345511212
45,,,Alexandria,cross_source,overture,Tivoli Dome Alex,food_court,fsq,Tivoli Dome Alex,Dining and Drinking > Food Court,0.0,1.0,0m,31.2311513191658,29.94261503219605,31.2311513191658,29.94261503219605
46,,,Qalyubiya,cross_source,overture,البنك الاهلى المصرى,atms,fsq,البنك الاهلى المصرى,Business and Professional Services > Financial Service > Banking and Finance > Bank,0.7,1.0,0-10m,30.46490299,31.17712913,30.4649,31.177123
47,,,Qalyubiya,cross_source,overture,Uni Mall,shopping_center,fsq,Uni Mall,Retail > Shopping Mall,10.6,1.0,10-25m,30.22799668,31.45725017,30.228086,31.457287
48,,,Cairo,cross_source,overture,TotalEnergies,,fsq,TotalEnergies,Travel and Transportation > Fuel Station,0.0,1.0,0m,30.04853630065918,31.34976577758789,30.04853630065918,31.34976577758789
49,,,Qalyubiya,cross_source,overture,KFC,fast_food_restaurant,fsq,KFC,Dining and Drinking > Restaurant > Fried Chicken Joint,11.0,1.0,10-25m,30.1744365,31.47668522,30.174433,31.476799
50,,,Giza,cross_source,overture,الطحاوي للتكييف والتجارة - الكوم الأخضر,electronics,fsq,الطحاوي للتكييف والتجارة - الكوم الأخضر,Retail > Computers and Electronics Retail > Electronics Store,0.0,1.0,0m,29.996116638184,31.153213500977,29.996116638183594,31.153213500976562
51,,,Cairo,cross_source,overture,مدارس منارة هليوبوليس المتكاملة للغات,elementary_school,fsq,مدارس منارة هليوبوليس المتكاملة للغات,,12.5,1.0,10-25m,30.0524993,31.3624031,30.052528,31.362528
52,,,Giza,cross_source,overture,El Insegam Pasta   مكرونة الإنسجام,middle_eastern_restaurant,fsq,El Insegam Pasta | مكرونة الإنسجام,Dining and Drinking > Restaurant > Middle Eastern Restaurant > Egyptian Restaurant,0.0,1.0,0m,30.004675,31.20177,30.00467490722776,31.201770374662917
53,,,Cairo,cross_source,overture,Senior Steps - IT training center,computer_coaching,fsq,Senior Steps IT Training Center,Community and Government > Education > College and University > Student Center,23.4,1.0,10-25m,30.069911087471,31.343269392395,30.069982328959554,31.34304176942323
54,,,Giza,cross_source,overture,Prego,fast_food_restaurant,fsq,Prego,Dining and Drinking > Restaurant > Fast Food Restaurant,0.0,1.0,0m,30.005752282934427,30.972560627221213,30.005752282934427,30.972560627221213
55,,,Giza,cross_source,overture,ايجى ميديا - كلام الناس,bookstore,fsq,ايجى ميديا - كلام الناس,Retail > Bookstore,0.0,1.0,0m,30.037285,31.213443,30.037285,31.213443
56,,,Cairo,cross_source,overture,Beit El Ezz,restaurant,fsq,Beit El Ezz,"Dining and Drinking > Cafe, Coffee, and Tea House > Café",0.0,1.0,0m,30.06537,31.216781,30.06537,31.216781
57,,,Giza,cross_source,overture,Orange | أورنج,mobile_phone_store,fsq,Orange | أورنج,Retail > Computers and Electronics Retail > Mobile Phone Store,0.0,1.0,0m,30.00221607514875,31.180353398154693,30.00221607514875,31.180353398154693
58,,,Alexandria,cross_source,overture,Sidi Gaber El Mahta Tram Station,train_station,fsq,Sidi Gaber El Mahta Tram Station,Travel and Transportation > Transport Hub > Tram Station,0.0,1.0,0m,31.233279987662,29.948545860502,31.233279987662282,29.948545860501547
59,,,Alexandria,cross_source,overture,ميرك شارب اند دوم,medical_center,fsq,ميرك شارب اند دوم,Health and Medicine > Medical Center,0.0,1.0,0m,31.198573,29.899806,31.198573,29.899806
60,,,Cairo,cross_source,overture,Stavolta,ice_cream_shop,fsq,Stavolta,Dining and Drinking > Dessert Shop > Ice Cream Parlor,0.0,1.0,0m,30.09131,31.324537,30.09131,31.324537
61,,,Cairo,cross_source,overture,كيدز بلانيت,education,fsq,كيدز بلانيت,Community and Government > Education,0.0,1.0,0m,30.08252,31.324478,30.08252,31.324478
62,,,Cairo,cross_source,overture,Forall,corporate_office,fsq,Forall,Business and Professional Services > Office,0.0,1.0,0m,29.969011,31.31897,29.969011,31.31897
63,,,Giza,cross_source,overture,مكتب بريد - مسجد موسى,post_office,fsq,مكتب بريد - مسجد موسى,Community and Government > Government Building > Post Office,0.0,1.0,0m,29.349543,31.276914,29.349543,31.276914
64,,,Cairo,cross_source,overture,Banque Misr,banks,fsq,Banque Misr,Business and Professional Services > Financial Service > Banking and Finance > Bank,0.0,1.0,0m,30.058368682861328,31.33746337890625,30.058368682861328,31.33746337890625
65,,,Cairo,cross_source,overture,شركة البنيان للمقاولات,building_supply_store,fsq,شركة البنيان للمقاولات,Retail > Construction Supplies Store,0.0,1.0,0m,30.118166,31.341291,30.118166,31.341291
66,,,Giza,cross_source,overture,Mahmoud El Far,grocery_store,fsq,Mahmoud El Far,Retail > Food and Beverage Retail > Supermarket,0.0,1.0,0m,30.012402,31.01519,30.012402,31.01519
67,,,Qalyubiya,cross_source,overture,Wahet El Nakheel,arts_and_entertainment,fsq,Wahet El Nakheel,Landmarks and Outdoors > Waterfront,0.0,1.0,0m,30.548276901245,31.258472442627,30.548276901245117,31.258472442626953
68,,,Qalyubiya,cross_source,overture,Adidas,sporting_goods,fsq,Adidas,Retail > Sporting Goods Retail,0.0,1.0,0m,30.174915313720703,31.47520637512207,30.174915313720703,31.47520637512207
69,,,Giza,cross_source,overture,EG Bank,banks,fsq,EG Bank,Business and Professional Services > Financial Service > Banking and Finance > Bank,0.0,1.0,0m,29.965449175101277,30.934751843899353,29.965449175101277,30.934751843899353
70,,,Cairo,cross_source,overture,Saudi Egyptian Developers,real_estate_service,fsq,Saudi Egyptian Developers,Business and Professional Services > Real Estate Service > Real Estate Development and Title Company,0.0,1.0,0m,30.02594,31.468665,30.02594,31.468665
71,,,Cairo,cross_source,overture,Care Pharmacies,pharmacy,fsq,Care Pharmacies,Retail > Cosmetics Store,0.0,1.0,0m,30.05829988630261,31.46127590998799,30.05829988630261,31.46127590998799
72,,,Qalyubiya,cross_source,overture,OLA Energy,,fsq,OLA Energy,Travel and Transportation > Fuel Station,0.0,1.0,0m,30.31089827206771,31.20487868785858,30.31089827206771,31.20487868785858
73,,,Cairo,cross_source,overture,Etisalat | اتصالات,mobile_phone_store,fsq,Etisalat | اتصالات,Retail > Computers and Electronics Retail > Mobile Phone Store,0.0,1.0,0m,30.06125078284537,31.33222373645929,30.06125078284537,31.33222373645929
74,,,Cairo,cross_source,overture,Othaim,grocery_store,fsq,Othaim,Retail > Food and Beverage Retail > Supermarket,0.0,1.0,0m,30.099695,31.308407,30.099695,31.308407
75,,,Cairo,cross_source,overture,Malak Gabr,music_venue,fsq,Malak Gabr,Arts and Entertainment > Performing Arts Venue,0.0,1.0,0m,30.02242474771,31.498030555813,30.02242474770978,31.498030555813205
76,,,Qalyubiya,cross_source,overture,KFC,chicken_restaurant,fsq,KFC,Dining and Drinking > Restaurant > Fried Chicken Joint,0.0,1.0,0m,30.470518328166936,31.183032129685163,30.470518328166936,31.183032129685163
77,,,Giza,cross_source,overture,Amr Diab,corporate_office,fsq,Amr Diab,Business and Professional Services > Office,0.0,1.0,0m,30.030663488907617,31.217609737325915,30.030663488907617,31.217609737325915
78,,,Cairo,cross_source,overture,ابناء صالح العطار,grocery_store,fsq,ابناء صالح العطار,Retail > Food and Beverage Retail > Grocery Store,0.2,1.0,0m,30.07442641,31.33864213,30.074425,31.338643
79,,,Alexandria,cross_source,overture,McDonald's,fast_food_restaurant,fsq,McDonald's,Dining and Drinking > Restaurant > Fast Food Restaurant,0.0,1.0,0m,31.310875332562492,30.0669778131723,31.310875332562492,30.0669778131723
80,,,Cairo,cross_source,overture,Media Club Egypt,coworking_space,fsq,Media Club Egypt,Business and Professional Services > Technology Business > IT Service,0.0,1.0,0m,30.073523971116973,31.342025501412415,30.073523971116973,31.342025501412415
81,,,Cairo,cross_source,overture,We - Telecom Egypt,,fsq,We - Telecom Egypt,Retail > Computers and Electronics Retail > Mobile Phone Store,0.0,1.0,0m,30.02511058549258,31.225955486297607,30.02511058549258,31.225955486297607
82,,,Giza,cross_source,overture,Misr Pharmacies,pharmacy,fsq,Misr Pharmacies,Retail > Cosmetics Store,0.0,1.0,0m,29.994587434327045,31.15990325003626,29.994587434327045,31.15990325003626
83,,,Cairo,cross_source,overture,Haj Arafa,coffee_roastery,fsq,Haj Arafa,Retail > Food and Beverage Retail > Herbs and Spices Store,0.0,1.0,0m,30.150453,31.627046,30.150453,31.627046
84,,,Qalyubiya,cross_source,overture,NBE,banks,fsq,NBE,Business and Professional Services > Financial Service > Banking and Finance > Bank,0.0,1.0,0m,30.101497650146484,31.24553108215332,30.101497650146484,31.24553108215332
85,,,Cairo,cross_source,overture,مكتب التأمينات الاجتماعية - الازبكية,public_service_and_government,fsq,مكتب التأمينات الاجتماعية - الازبكية,Community and Government,0.0,1.0,0m,30.055068,31.25044,30.055068,31.25044
86,,,Cairo,cross_source,overture,مكتب بريد - المعز لدين الله الفاطمى,post_office,fsq,مكتب بريد - المعز لدين الله الفاطمى,Community and Government > Government Building > Post Office,0.0,1.0,0m,30.05149,31.261863,30.05149,31.261863
87,,,Qalyubiya,cross_source,overture,GLC Paints Showroom - Yasser El Kady,paint_store,fsq,GLC Paints Showroom - Yasser El Kady,Retail > Hardware Store,0.0,1.0,0m,30.149308390378753,31.367027093077475,30.149308390378753,31.367027093077475
88,,,Giza,cross_source,overture,امتنان بيت الصحة,building_supply_store,fsq,امتنان بيت الصحة,Retail > Construction Supplies Store,0.0,1.0,0m,29.994188,31.160307,29.994188,31.160307
89,,,Cairo,cross_source,overture,El Ezaby Pharmacy,pharmacy,fsq,El Ezaby Pharmacy,Retail > Cosmetics Store,0.1,1.0,0m,29.9592091,31.2542703,29.95921,31.25427
90,,,Cairo,cross_source,overture,Molly’s Bakery,bakery,fsq,Molly’s Bakery,Dining and Drinking > Bakery,0.0,1.0,0m,30.053296,31.223265,30.053296,31.223265
91,,,Cairo,cross_source,overture,Pool Bar,hotel_bar,fsq,Pool Bar,Travel and Transportation > Lodging > Hotel > Hotel Pool,0.0,1.0,0m,30.072458284653575,31.347895495700868,30.072458284653575,31.347895495700868
92,,,Giza,cross_source,overture,برومولينكس انترناشيونال,advertising_agency,fsq,برومولينكس انترناشيونال,Business and Professional Services > Advertising Agency,0.0,1.0,0m,30.071032,31.019631,30.071032,31.019631
93,,,Cairo,cross_source,overture,Karak Boy,restaurant,fsq,Karak Boy,Dining and Drinking > Juice Bar,0.0,1.0,0m,30.049472,31.441467,30.049472,31.441467
94,,,Alexandria,cross_source,overture,Metro Market,grocery_store,fsq,Metro Market,Retail > Food and Beverage Retail > Supermarket,0.0,1.0,0m,31.245000761729,29.966739014989,31.245000761728576,29.966739014989233
95,,,Qalyubiya,cross_source,overture,Ebe Obour,bank_credit_union,fsq,Ebe Obour,Business and Professional Services > Financial Service > Banking and Finance > Bank,0.0,1.0,0m,30.175852,31.472399,30.175852,31.472399
96,,,Alexandria,cross_source,overture,Agamy Beach   شاطئ العجمي,beach,fsq,Agamy Beach | شاطئ العجمي,Landmarks and Outdoors > Beach,0.0,1.0,0m,31.084413489909,29.740717885034,31.084413489909267,29.74071788503388
97,,,Cairo,cross_source,overture,Sukun Community Space,yoga_studio,fsq,Sukun Community Space,Sports and Recreation > Gym and Studio > Yoga Studio,0.0,1.0,0m,30.034900805677783,31.502115726470944,30.034900805677783,31.502115726470944
98,,,Cairo,cross_source,overture,مدرسة سانت فاتيما للغات,school,fsq,مدرسة سانت فاتيما للغات,Community and Government > Education > Primary and Secondary School,0.5,1.0,0m,30.06876574,31.28240361,30.068767,31.282409
99,,,Cairo,cross_source,overture,Caribou Coffee,coffee_shop,fsq,Caribou Coffee,"Dining and Drinking > Cafe, Coffee, and Tea House > Coffee Shop",0.0,1.0,0m,30.051004,31.244354,30.051004,31.244354
100,,,Qalyubiya,cross_source,overture,مدرسة الزهراء الخاصة,elementary_school,fsq,مدرسة الزهراء الخاصة,Community and Government > Education > Primary and Secondary School,0.5,1.0,0m,30.16106437,31.34066682,30.161066,31.340662
